{
"wit":[
 
    {
      "building_Name": "Tourism & Leisure Building -",
      "center": [52.245268, -7.141980],
      "floor_G":[
        "TLG03, ", "TLG11, ","TLG21(Auditorium), ","TLG22, ",
        "TLG23, ","TLG25, ","TLG27, ","TLG28, ",
        "TLG34, ","TLG35, ","TLG60, ","TLG62"
      ],
      "floor_1":[
      "TL114, ", "TL115, ", "TL116, ","TL120, ",
      "TL120, ","TL121, ","TL128, ","TL133, ",
      "TL149, ","TL155, ","TL157, ","TL158, ",
      "TL159"
      ],
      "floor_2":[
        "TL221, ", "TL225, ", "TL228, ","TL235, \n",
        "TL238, ", "TL244a, ", "TL244b, ", "TL245, ",
        "TL249, ", "TL250, ", "TL251, ", "TL252"
      ],
      "north": 52.245063, 
      "south": 52.245480, 
      "east": -7.140905,  
      "west": -7.142741  
    },

    {
      "building_Name": "FTG -",
      "center": [52.246326, -7.137630],
      "floor_G":[
        "FTG08, ", "FTG09, ","FTG10, ","FTG11, ",
        "FTG12, ","FTG13, ","FTG14, ","FTG15, ",
        "FTG16, ","FTG17, ","FTG18, ","FTG19, ",
        "FTG20, ","FTG21, ","FTG22, ","FTG23, ",
        "FTG24, ","FTG25, ","FTG29"
        
      ],
      "floor_1":[
      ],
      "floor_2":[
      ],
      "north": 52.246183, 
      "south": 52.246518, 
      "east": -7.137330,  
      "west": -7.138552  
    },

    {
      "building_Name": "Main Building -",
      "center": [52.246056, -7.139711],
      "floor_G":[
        "B07, ","B08, ", "B09, ","B10, ",
        "B11, ","B12, ","B13, ","B14, ",
        "B15, ","B16, ","C04, ", "C11, ",
        "C23, ","C24, ","C25, ","C26, ",
        "C27, ","C29, ","C30, ","C30, ",
        "C31, ","C32, ","C33, ","C34, ",
        "C35, ","C42, ","W02, ","W07, ",
        "W08, ","W09, ","W10, ","W11, ",
        "W12, ","W13, ","W14, ","W18, ",
        "W19, ","W20, ","W21"
      ],
      "floor_1":[
      ],
      "floor_2":[
      ],
      "north": 52.24569, 
      "south": 52.24642, 
      "east": -7.1390,  
      "west": -7.1404  
    },

    {
      "building_Name": "Business Building -",
      "center": [52.245849, -7.138445],
      "floor_G":[
        "B1, ","B2, ", "D01, ","D02, ",
        "D04, ","D05, ","D11, ","D12, ",
        "D16, ","E03, ","E04, ", "E07, ",
        "E13, ","E15, ","E19a, ","E19b, ",
        "F01, ","F02, ","F03, ","F04, ",
        "F06, ","F07, ","F09, ","F20, ",
        "F23, ","F26, ","F27, ","F28, ",
        "F28a, ","F29, ","F30, "
      ],
      "floor_1":[
      ],
      "floor_2":[
      ],
      "north": 52.245612, 
      "south": 52.246078, 
      "east": -7.137757,  
      "west": -7.13899  
    },

    {
      "building_Name": "IT -",
      "center": [52.245800, -7.137233],
      "floor_G":[
        "ITG01, ", "ITG02, ","ITG03, ","ITG17, ",
        "ITG18, ","ITG19"
      ],
      "floor_1":[
        "IT101, ", "IT102, ","IT103, ","IT118, ",
        "IT119, ","IT120"
      ],
      "floor_2":[
        "IT202, ", "IT203, ","IT220, ","IT221, ",
        "IT222"
      ],
      "north": 52.24558, 
      "south": 52.245960,
      "east": -7.137,  
      "west": -7.137597  
    },
    
    {
      "building_Name": "Nurses Building",
      "center": [52.245557, -7.135936],
      "floor_G":[
        "G012, ", "G017, ","G18, ","G19, ",
        "G20"
      ],
      "floor_1":[
        "121, ", "122, ","127, ","128"
      ],
      "floor_2":[
        "223, ", "224, ", "225, ", "226, ",
        "228, ", "229, ", "230"
      ],
      "north": 52.24543, 
      "south": 52.245743, 
      "east": -7.1357,  
      "west": -7.136696  
    }
]

}